family,replicate,map_seed,blend,correct_score,accuracy,mean_margin
gaussian,0,20260911,hybrid50,113,0.470833333333,-0.0131424998849
gaussian,0,20260911,projection,111,0.4625,-0.0145364421984
gaussian,1,20260912,hybrid50,105,0.4375,-0.0126528231964
gaussian,1,20260912,projection,108,0.45,-0.0135570888214
gaussian,2,20260913,hybrid50,109,0.454166666667,-0.0154155255896
gaussian,2,20260913,projection,114,0.475,-0.0190824936077
gaussian,3,20260914,hybrid50,111,0.4625,-0.0175796354269
gaussian,3,20260914,projection,111,0.4625,-0.0234107132824
gaussian,4,20260915,hybrid50,111,0.4625,-0.00693444438535
gaussian,4,20260915,projection,115,0.479166666667,-0.00212033119932
gaussian,5,20260916,hybrid50,102,0.425,-0.0149106891944
gaussian,5,20260916,projection,105,0.4375,-0.0180728208175
gaussian,6,20260917,hybrid50,115,0.479166666667,-0.0130644960252
gaussian,6,20260917,projection,115,0.479166666667,-0.014380434479
gaussian,7,20260918,hybrid50,110,0.458333333333,-0.0111356644194
gaussian,7,20260918,projection,115,0.479166666667,-0.0105227712675
gaussian,8,20260919,hybrid50,113,0.470833333333,-0.00837460147097
gaussian,8,20260919,projection,117,0.4875,-0.00500064537057
gaussian,9,20260920,hybrid50,118,0.491666666667,-0.00789704010268
gaussian,9,20260920,projection,115,0.479166666667,-0.00404552263399
gaussian,10,20260921,hybrid50,107,0.445833333333,-0.0160832943166
gaussian,10,20260921,projection,106,0.441666666667,-0.0204180310619
gaussian,11,20260922,hybrid50,115,0.479166666667,-0.0102158620179
gaussian,11,20260922,projection,114,0.475,-0.00868316646442
gaussian,12,20260923,hybrid50,113,0.470833333333,-0.0144825367209
gaussian,12,20260923,projection,113,0.470833333333,-0.0172165158704
gaussian,13,20260924,hybrid50,110,0.458333333333,-0.0184866056445
gaussian,13,20260924,projection,105,0.4375,-0.0252246537176
gaussian,14,20260925,hybrid50,108,0.45,-0.0127849695558
gaussian,14,20260925,projection,108,0.45,-0.0138213815403
gaussian,15,20260926,hybrid50,102,0.425,-0.0128317517383
gaussian,15,20260926,projection,111,0.4625,-0.0139149459053
gaussian,16,20260927,hybrid50,116,0.483333333333,-0.0101398332099
gaussian,16,20260927,projection,116,0.483333333333,-0.00853110884837
gaussian,17,20260928,hybrid50,117,0.4875,-0.00820808067512
gaussian,17,20260928,projection,118,0.491666666667,-0.00466760377887
gaussian,18,20260929,hybrid50,113,0.470833333333,-0.0124301448645
gaussian,18,20260929,projection,119,0.495833333333,-0.0131117321577
gaussian,19,20260930,hybrid50,109,0.454166666667,-0.011156343873
gaussian,19,20260930,projection,112,0.466666666667,-0.0105641301745
gaussian,20,20260931,hybrid50,119,0.495833333333,-0.00716412659675
gaussian,20,20260931,projection,129,0.5375,-0.00257969562212
gaussian,21,20260932,hybrid50,113,0.470833333333,-0.0138559805774
gaussian,21,20260932,projection,110,0.458333333333,-0.0159634035835
gaussian,22,20260933,hybrid50,107,0.445833333333,-0.00787420348925
gaussian,22,20260933,projection,116,0.483333333333,-0.00399984940713
gaussian,23,20260934,hybrid50,105,0.4375,-0.0218377274352
gaussian,23,20260934,projection,97,0.404166666667,-0.031926897299
gaussian,24,20260935,hybrid50,113,0.470833333333,-0.0146287957194
gaussian,24,20260935,projection,110,0.458333333333,-0.0175090338674
gaussian,25,20260936,hybrid50,118,0.491666666667,-0.0128021012647
gaussian,25,20260936,projection,116,0.483333333333,-0.0138556449579
gaussian,26,20260937,hybrid50,109,0.454166666667,-0.0122348822404
gaussian,26,20260937,projection,111,0.4625,-0.0127212069095
gaussian,27,20260938,hybrid50,114,0.475,-0.0130300656594
gaussian,27,20260938,projection,115,0.479166666667,-0.0143115737474
gaussian,28,20260939,hybrid50,108,0.45,-0.0146798034597
gaussian,28,20260939,projection,107,0.445833333333,-0.017611049348
gaussian,29,20260940,hybrid50,113,0.470833333333,-0.0119019539989
gaussian,29,20260940,projection,114,0.475,-0.0120553504264
spectrum_matched,0,20261911,hybrid50,123,0.5125,0.00833897669475
spectrum_matched,0,20261911,projection,123,0.5125,0.0284265109609
spectrum_matched,1,20261912,hybrid50,98,0.408333333333,-0.0307985480382
spectrum_matched,1,20261912,projection,102,0.425,-0.049848538505
spectrum_matched,2,20261913,hybrid50,134,0.558333333333,0.0223159188058
spectrum_matched,2,20261913,projection,134,0.558333333333,0.0563803951831
spectrum_matched,3,20261914,hybrid50,118,0.491666666667,-0.013002258832
spectrum_matched,3,20261914,projection,111,0.4625,-0.0142559600926
spectrum_matched,4,20261915,hybrid50,120,0.5,0.00914387750679
spectrum_matched,4,20261915,projection,126,0.525,0.0300363125849
spectrum_matched,5,20261916,hybrid50,114,0.475,-0.0107489710987
spectrum_matched,5,20261916,projection,118,0.491666666667,-0.00974938462607
spectrum_matched,6,20261917,hybrid50,106,0.441666666667,-0.0164964342749
spectrum_matched,6,20261917,projection,111,0.4625,-0.0212443109784
spectrum_matched,7,20261918,hybrid50,119,0.495833333333,-0.00820482149824
spectrum_matched,7,20261918,projection,121,0.504166666667,-0.0046610854251
spectrum_matched,8,20261919,hybrid50,114,0.475,-0.0185275989634
spectrum_matched,8,20261919,projection,111,0.4625,-0.0253066403554
spectrum_matched,9,20261920,hybrid50,118,0.491666666667,-0.0157069787602
spectrum_matched,9,20261920,projection,115,0.479166666667,-0.0196653999491
spectrum_matched,10,20261921,hybrid50,110,0.458333333333,-0.0159473462005
spectrum_matched,10,20261921,projection,110,0.458333333333,-0.0201461348297
spectrum_matched,11,20261922,hybrid50,110,0.458333333333,-0.0109634647381
spectrum_matched,11,20261922,projection,114,0.475,-0.0101783719049
spectrum_matched,12,20261923,hybrid50,96,0.4,-0.0397090982483
spectrum_matched,12,20261923,projection,94,0.391666666667,-0.0676696389252
spectrum_matched,13,20261924,hybrid50,109,0.454166666667,-0.0193234485806
spectrum_matched,13,20261924,projection,111,0.4625,-0.0268983395899
spectrum_matched,14,20261925,hybrid50,114,0.475,-0.0189117180625
spectrum_matched,14,20261925,projection,107,0.445833333333,-0.0260748785536
spectrum_matched,15,20261926,hybrid50,99,0.4125,-0.0233178249912
spectrum_matched,15,20261926,projection,103,0.429166666667,-0.034887092411
spectrum_matched,16,20261927,hybrid50,103,0.429166666667,-0.0239661373692
spectrum_matched,16,20261927,projection,112,0.466666666667,-0.036183717167
spectrum_matched,17,20261928,hybrid50,109,0.454166666667,-0.0158545904424
spectrum_matched,17,20261928,projection,114,0.475,-0.0199606233134
spectrum_matched,18,20261929,hybrid50,108,0.45,-0.0170288691542
spectrum_matched,18,20261929,projection,108,0.45,-0.022309180737
spectrum_matched,19,20261930,hybrid50,108,0.45,-0.0229304210661
spectrum_matched,19,20261930,projection,107,0.445833333333,-0.0341122845609
spectrum_matched,20,20261931,hybrid50,111,0.4625,-0.0132907780518
spectrum_matched,20,20261931,projection,114,0.475,-0.0148329985323
spectrum_matched,21,20261932,hybrid50,104,0.433333333333,-0.0218921518628
spectrum_matched,21,20261932,projection,103,0.429166666667,-0.0320357461543
spectrum_matched,22,20261933,hybrid50,112,0.466666666667,-0.0132709680251
spectrum_matched,22,20261933,projection,109,0.454166666667,-0.0147933784788
spectrum_matched,23,20261934,hybrid50,119,0.495833333333,-0.00711006518271
spectrum_matched,23,20261934,projection,118,0.491666666667,-0.00247157279403
spectrum_matched,24,20261935,hybrid50,109,0.454166666667,-0.0229775976279
spectrum_matched,24,20261935,projection,103,0.429166666667,-0.0342066376845
spectrum_matched,25,20261936,hybrid50,123,0.5125,-0.00673959286988
spectrum_matched,25,20261936,projection,129,0.5375,-0.00173062816838
spectrum_matched,26,20261937,hybrid50,116,0.483333333333,-0.0166180524767
spectrum_matched,26,20261937,projection,113,0.470833333333,-0.021487547382
spectrum_matched,27,20261938,hybrid50,110,0.458333333333,-0.00970414030101
spectrum_matched,27,20261938,projection,115,0.479166666667,-0.00765972303065
spectrum_matched,28,20261939,hybrid50,100,0.416666666667,-0.0306065875392
spectrum_matched,28,20261939,projection,96,0.4,-0.0494646175071
spectrum_matched,29,20261940,hybrid50,124,0.516666666667,0.0019826238203
spectrum_matched,29,20261940,projection,130,0.541666666667,0.015713805212
